Date,Open,High,Low,Close,Volume
2022-07-18,7725.55,7786.35,7722.2,7781.45,0
2022-07-19,7747.95,7828.7,7747.85,7819.8,0
2022-07-20,7913.1,7918.65,7868.0,7881.4,0
2022-07-21,7886.35,7950.3,7868.9,7941.05,0
2022-07-22,7970.75,7989.45,7937.55,7976.5,0
2022-07-25,7961.2,7976.05,7916.45,7944.85,0
2022-07-26,7947.95,7948.95,7857.15,7867.55,0
2022-07-27,7862.55,7939.5,7844.4,7934.15,0
2022-07-28,7990.95,8053.75,7971.5,8046.95,0
2022-07-29,8112.85,8161.9,8094.05,8155.3,0
2022-08-01,8197.8,8263.0,8156.25,8256.7,0
2022-08-02,8249.05,8290.8,8212.65,8274.1,0
2022-08-03,8277.35,8291.5,8204.0,8274.0,0
2022-08-04,8311.7,8328.35,8168.2,8281.5,0
2022-08-05,8304.45,8326.4,8272.1,8286.25,0
2022-08-08,8292.6,8346.7,8268.35,8337.3,0
2022-08-10,8359.55,8359.55,8296.25,8333.1,0
2022-08-11,8409.55,8413.45,8378.75,8392.35,0
2022-08-12,8397.1,8430.1,8373.9,8417.8,0
2022-08-16,8463.2,8498.85,8452.85,8495.0,0
2022-08-17,8520.25,8561.0,8510.25,8550.15,0
2022-08-18,8537.9,8571.2,8521.85,8565.2,0
2022-08-19,8577.65,8588.55,8455.9,8473.1,0
2022-08-22,8444.0,8445.65,8331.85,8343.45,0
2022-08-23,8280.3,8414.5,8276.45,8393.75,0
2022-08-24,8379.2,8429.45,8366.15,8422.8,0
2022-08-25,8461.3,8486.3,8387.8,8401.9,0
2022-08-26,8450.2,8481.2,8411.55,8428.8,0
2022-08-29,8234.2,8357.0,8232.1,8333.0,0
2022-08-30,8388.35,8534.55,8385.05,8527.15,0
2022-09-01,8427.8,8521.55,8427.15,8468.25,0
2022-09-02,8503.05,8521.2,8453.7,8463.3,0
2022-09-05,8475.45,8526.3,8473.15,8516.5,0
2022-09-06,8542.6,8568.6,8489.9,8526.0,0
2022-09-07,8476.0,8539.2,8463.5,8531.4,0
2022-09-08,8593.6,8603.95,8557.8,8598.65,0
2022-09-09,8658.3,8658.9,8589.65,8612.25,0
2022-09-12,8644.65,8687.2,8643.45,8674.2,0
2022-09-13,8724.45,8734.65,8706.2,8725.2,0
2022-09-14,8588.45,8735.7,8588.45,8704.25,0
2022-09-15,8735.8,8757.55,8657.2,8677.85,0
2022-09-16,8650.2,8657.05,8463.9,8490.45,0
2022-09-19,8502.65,8549.0,8429.35,8518.1,0
2022-09-20,8590.65,8664.1,8583.45,8615.1,0
2022-09-21,8604.25,8641.65,8531.1,8553.8,0
2022-09-22,8511.9,8569.25,8479.3,8541.05,0
2022-09-23,8535.85,8555.7,8372.45,8386.0,0
2022-09-26,8307.9,8316.1,8166.45,8197.7,0
2022-09-27,8242.4,8281.2,8156.9,8199.65,0
2022-09-28,8138.55,8222.95,8116.0,8140.1,0
2022-09-29,8212.0,8232.0,8111.55,8131.5,0
2022-09-30,8123.0,8286.1,8083.7,8257.7,0
2022-10-03,8262.05,8274.85,8123.65,8152.6,0
2022-10-04,8280.8,8339.65,8271.95,8334.3,0
2022-10-06,8389.15,8421.2,8379.45,8385.15,0
2022-10-07,8373.3,8387.6,8325.85,8378.1,0
2022-10-10,8279.0,8352.3,8257.35,8331.45,0
2022-10-11,8348.1,8349.35,8187.05,8203.5,0
2022-10-12,8225.7,8269.65,8176.1,8261.35,0
2022-10-13,8251.55,8263.5,8180.4,8206.7,0
2022-10-14,8344.65,8350.7,8246.15,8252.6,0
2022-10-17,8235.2,8309.95,8198.45,8301.95,0
2022-10-18,8359.4,8394.55,8358.4,8385.6,0
2022-10-19,8421.2,8439.45,8376.3,8392.2,0
2022-10-20,8353.85,8424.55,8342.7,8415.6,0
2022-10-21,8442.5,8454.65,8371.9,8396.4,0
2022-10-24,8476.85,8489.6,8452.15,8462.9,0
2022-10-25,8491.95,8493.15,8432.5,8440.55,0
2022-10-27,8489.8,8503.9,8448.4,8488.0,0
2022-10-28,8500.15,8513.25,8458.15,8485.4,0
2022-10-31,8536.3,8590.3,8533.25,8585.25,0
2022-11-01,8631.4,8652.15,8605.35,8647.4,0
2022-11-02,8660.8,8661.2,8611.95,8626.9,0
2022-11-03,8577.45,8639.65,8574.0,8620.8,0
2022-11-04,8627.65,8654.35,8605.9,8648.15,0
2022-11-07,8693.0,8713.1,8635.2,8695.15,0
2022-11-09,8733.95,8735.0,8650.45,8668.15,0
2022-11-10,8626.05,8644.2,8566.45,8596.9,0
2022-11-11,8704.35,8718.5,8691.35,8711.15,0
2022-11-14,8724.45,8729.95,8699.8,8712.05,0
2022-11-15,8727.95,8744.7,8690.5,8736.5,0
2022-11-16,8738.45,8746.65,8688.75,8719.7,0
2022-11-17,8702.25,8718.8,8670.6,8683.45,0
2022-11-18,8704.3,8710.3,8614.5,8657.35,0
2022-11-21,8638.1,8642.8,8591.75,8603.8,0
2022-11-22,8614.7,8638.35,8594.75,8633.45,0
2022-11-23,8668.9,8669.0,8640.85,8650.75,0
2022-11-24,8679.1,8742.8,8668.1,8728.9,0
2022-11-25,8750.95,8764.6,8723.15,8755.75,0
2022-11-28,8732.75,8806.05,8710.4,8787.8,0
2022-11-29,8788.7,8828.55,8787.5,8802.5,0
2022-11-30,8811.4,8901.7,8808.15,8877.0,0
2022-12-01,8929.9,8930.9,8892.3,8909.9,0
2022-12-02,8896.0,8903.3,8859.65,8889.95,0
2022-12-05,8908.35,8911.0,8846.95,8893.45,0
2022-12-06,8859.2,8877.5,8846.35,8868.75,0
2022-12-07,8874.35,8885.75,8819.95,8834.45,0
2022-12-08,8846.05,8866.2,8834.2,8861.85,0
2022-12-09,8892.0,8893.75,8758.2,8805.75,0
2022-12-12,8777.2,8820.7,8737.2,8815.95,0
2022-12-13,8836.25,8863.65,8818.2,8858.45,0
2022-12-14,8888.45,8905.65,8881.15,8892.1,0
2022-12-15,8878.3,8895.3,8779.0,8792.65,0
2022-12-16,8752.9,8802.2,8703.65,8710.15,0
2022-12-19,8723.2,8780.9,8693.9,8776.15,0
2022-12-20,8748.6,8768.4,8680.35,8760.65,0
2022-12-21,8787.1,8808.9,8628.9,8645.75,0
2022-12-22,8685.85,8706.8,8553.75,8588.35,0
2022-12-23,8515.15,8541.8,8355.0,8370.05,0
2022-12-26,8378.05,8543.0,8336.1,8514.5,0
2022-12-27,8558.35,8592.15,8504.45,8583.75,0
2022-12-28,8568.95,8612.55,8553.3,8592.85,0
2022-12-29,8558.4,8639.75,8523.45,8622.1,0
2022-12-30,8663.1,8678.0,8591.5,8604.4,0
2023-01-02,8622.55,8654.95,8596.55,8647.85,0
2023-01-03,8644.25,8677.3,8635.8,8667.55,0
2023-01-04,8671.05,8677.45,8566.35,8575.95,0
2023-01-05,8605.8,8614.6,8516.75,8572.45,0
2023-01-06,8581.15,8590.95,8479.5,8508.65,0
2023-01-09,8558.35,8619.25,8554.85,8606.25,0
2023-01-10,8617.55,8618.95,8502.65,8537.5,0
2023-01-11,8547.65,8565.95,8500.45,8524.95,0
2023-01-12,8541.05,8550.7,8470.4,8512.35,0
2023-01-13,8521.95,8562.7,8477.35,8549.5,0
2023-01-16,8578.6,8591.55,8511.55,8527.05,0
2023-01-17,8540.3,8583.85,8519.4,8575.7,0
2023-01-18,8587.3,8622.25,8565.3,8614.65,0
2023-01-19,8592.85,8608.8,8571.25,8588.8,0
2023-01-20,8593.9,8602.3,8542.5,8548.8,0
2023-01-23,8584.2,8591.75,8557.45,8577.45,0
2023-01-24,8604.15,8609.15,8555.55,8568.3,0
2023-01-25,8555.25,8557.65,8433.8,8448.5,0
2023-01-27,8442.1,8445.05,8228.4,8281.4,0
2023-01-30,8244.65,8327.5,8170.9,8269.8,0
2023-01-31,8299.15,8334.2,8234.15,8319.0,0
2023-02-01,8385.45,8440.55,8143.25,8267.9,0
2023-02-02,8220.25,8292.2,8186.05,8263.95,0
2023-02-03,8300.05,8334.65,8209.75,8329.2,0
2023-02-06,8317.35,8325.95,8279.05,8314.7,0
2023-02-07,8323.95,8335.4,8266.15,8297.6,0
2023-02-08,8312.0,8377.45,8309.95,8367.3,0
2023-02-09,8372.4,8382.15,8327.95,8368.4,0
2023-02-10,8348.05,8370.7,8336.55,8361.7,0
2023-02-13,8359.95,8366.1,8284.3,8296.95,0
2023-02-14,8316.55,8343.3,8283.75,8332.65,0
2023-02-15,8316.1,8379.55,8308.2,8371.8,0
2023-02-16,8404.8,8425.2,8384.45,8397.4,0
2023-02-17,8371.5,8394.45,8333.15,8353.9,0
2023-02-20,8365.1,8371.7,8307.6,8317.2,0
2023-02-21,8341.15,8346.95,8292.35,8303.1,0
2023-02-22,8270.0,8273.75,8169.4,8184.6,0
2023-02-23,8192.3,8207.15,8127.65,8166.0,0
2023-02-24,8197.7,8208.45,8129.0,8146.15,0
2023-02-27,8130.1,8134.75,8053.1,8098.0,0
2023-02-28,8099.2,8118.3,8058.25,8082.5,0
2023-03-01,8103.75,8170.55,8100.0,8164.9,0
2023-03-02,8159.8,8167.5,8116.35,8122.15,0
2023-03-03,8176.9,8247.4,8171.55,8226.4,0
2023-03-06,8267.5,8319.7,8265.1,8285.85,0
2023-03-08,8264.85,8316.0,8236.3,8310.1,0
2023-03-09,8324.6,8328.5,8238.15,8246.45,0
2023-03-10,8186.4,8188.65,8129.65,8178.0,0
2023-03-13,8178.8,8217.5,8031.4,8049.95,0
2023-03-14,8054.5,8075.0,7967.45,7996.4,0
2023-03-15,8052.5,8072.75,7963.4,7975.5,0
2023-03-16,7980.05,8011.25,7900.6,7979.4,0
2023-03-17,8038.4,8054.6,7978.7,8029.85,0
2023-03-20,8013.1,8015.0,7904.55,7971.1,0
2023-03-21,8006.05,8033.1,7983.95,8023.65,0
2023-03-22,8056.4,8071.65,8036.2,8051.45,0
2023-03-23,8031.45,8068.7,8012.6,8020.55,0
2023-03-24,8023.8,8037.7,7938.0,7949.75,0
2023-03-27,7965.1,7985.45,7924.2,7937.3,0
2023-03-28,7952.45,7958.45,7889.1,7908.1,0
2023-03-29,7911.45,8002.1,7911.45,7984.8,0
2023-03-31,8038.95,8113.45,8037.15,8102.1,0
2023-04-03,8137.85,8137.9,8095.35,8130.6,0
2023-04-05,8141.75,8197.0,8136.45,8191.75,0
2023-04-06,8187.85,8235.25,8172.6,8220.95,0
2023-04-10,8242.75,8261.55,8225.15,8237.65,0
2023-04-11,8273.25,8295.5,8251.75,8280.95,0
2023-04-12,8300.65,8326.45,8284.1,8321.95,0
2023-04-13,8325.05,8336.3,8291.6,8330.15,0
2023-04-17,8339.05,8339.05,8242.5,8303.15,0
2023-04-18,8328.1,8328.45,8274.8,8299.6,0
2023-04-19,8302.35,8305.65,8265.25,8278.5,0
2023-04-20,8290.95,8306.5,8267.55,8281.5,0
2023-04-21,8291.7,8296.6,8241.0,8272.5,0
2023-04-24,8304.2,8322.55,8269.85,8318.55,0
2023-04-25,8327.6,8347.35,8311.65,8333.0,0
2023-04-26,8332.25,8359.55,8313.05,8354.7,0
2023-04-27,8358.45,8406.3,8352.55,8400.4,0
2023-04-28,8420.85,8489.0,8402.6,8480.35,0
2023-05-02,8512.3,8541.6,8504.25,8526.35,0
2023-05-03,8513.8,8529.8,8493.2,8513.75,0
2023-05-04,8517.85,8591.5,8512.7,8586.35,0
2023-05-05,8545.9,8581.25,8509.25,8516.4,0
2023-05-08,8541.0,8606.0,8535.1,8598.35,0
2023-05-09,8618.5,8640.4,8578.7,8593.4,0
2023-05-10,8614.35,8624.7,8565.95,8619.15,0
2023-05-11,8645.2,8653.0,8618.5,8630.85,0
2023-05-12,8626.5,8644.15,8586.05,8627.95,0
2023-05-15,8638.4,8691.05,8621.35,8667.7,0
2023-05-16,8687.55,8692.55,8628.5,8637.0,0
2023-05-17,8645.95,8648.5,8568.5,8601.7,0
2023-05-18,8646.4,8651.6,8558.75,8566.75,0
2023-05-19,8588.1,8597.95,8519.5,8591.65,0
2023-05-22,8592.75,8652.05,8579.75,8644.55,0
2023-05-23,8670.9,8695.8,8658.4,8667.0,0
2023-05-24,8652.25,8693.7,8638.95,8651.9,0
2023-05-25,8649.35,8681.45,8630.1,8674.05,0
2023-05-26,8693.45,8755.9,8682.15,8751.8,0
2023-05-29,8804.95,8812.8,8786.0,8793.9,0
2023-05-30,8800.75,8823.0,8786.75,8809.6,0
2023-05-31,8796.15,8806.55,8760.05,8794.0,0
2023-06-01,8813.95,8827.05,8782.75,8792.15,0
2023-06-02,8824.1,8836.4,8801.85,8821.8,0
2023-06-05,8859.45,8871.7,8844.9,8849.4,0
2023-06-06,8857.9,8871.0,8826.8,8861.4,0
2023-06-07,8895.15,8939.1,8886.15,8933.95,0
2023-06-08,8943.25,8957.85,8877.4,8885.9,0
2023-06-09,8901.5,8909.5,8856.2,8862.5,0
2023-06-12,8883.05,8902.25,8861.6,8893.1,0
2023-06-13,8913.7,8965.0,8913.4,8959.8,0
2023-06-14,8979.55,8986.0,8953.0,8980.45,0
2023-06-15,8993.3,9011.5,8955.55,8966.35,0
2023-06-16,8991.0,9051.6,8986.2,9034.85,0
2023-06-19,9063.1,9071.9,9000.65,9014.35,0
2023-06-20,9017.85,9056.2,8981.2,9047.7,0
2023-06-21,9072.95,9091.85,9049.6,9070.5,0
2023-06-22,9077.75,9084.0,9008.4,9015.05,0
2023-06-23,9007.9,9011.8,8934.25,8942.1,0
2023-06-26,8945.7,8980.55,8933.2,8973.4,0
2023-06-27,9003.0,9032.9,8995.85,9028.35,0
2023-06-28,9070.75,9100.4,9055.1,9090.15,0
2023-06-30,9133.45,9179.05,9118.0,9174.8,0
2023-07-03,9209.45,9237.7,9206.65,9230.0,0
2023-07-04,9268.75,9270.1,9212.8,9244.65,0
2023-07-05,9258.35,9277.75,9236.8,9270.15,0
2023-07-06,9272.8,9329.9,9267.3,9325.2,0
2023-07-07,9302.6,9338.8,9241.25,9254.2,0
2023-07-10,9285.55,9287.15,9234.45,9248.0,0
2023-07-11,9280.0,9330.2,9273.1,9301.7,0
2023-07-12,9329.6,9332.95,9292.65,9300.05,0
2023-07-13,9348.05,9373.35,9272.5,9288.0,0
2023-07-14,9328.3,9379.25,9306.45,9367.9,0
2023-07-17,9394.45,9435.55,9380.05,9428.45,0
2023-07-18,9462.7,9466.8,9397.15,9428.0,0
2023-07-19,9454.6,9480.3,9432.15,9474.5,0
2023-07-20,9481.55,9528.4,9452.9,9523.35,0
2023-07-21,9462.95,9496.15,9432.85,9448.85,0
2023-07-24,9459.65,9475.4,9421.5,9428.55,0
2023-07-25,9458.95,9458.95,9411.7,9447.05,0
2023-07-26,9477.25,9510.6,9467.2,9490.5,0
2023-07-27,9526.4,9536.75,9435.35,9461.2,0
2023-07-28,9470.4,9483.6,9439.6,9476.85,0
2023-07-31,9491.5,9549.25,9473.95,9541.55,0
2023-08-01,9563.35,9567.9,9525.25,9539.55,0
2023-08-02,9515.1,9522.35,9372.05,9431.05,0
2023-08-03,9409.2,9444.1,9340.1,9386.45,0
2023-08-04,9429.0,9466.65,9423.35,9452.55,0
2023-08-07,9485.65,9497.5,9457.4,9489.55,0
2023-08-08,9510.1,9513.55,9452.7,9486.35,0
2023-08-09,9496.95,9523.65,9451.4,9519.25,0
2023-08-10,9517.55,9526.65,9463.25,9484.75,0
2023-08-11,9502.4,9503.55,9433.55,9441.55,0
2023-08-14,9424.35,9437.6,9327.45,9421.5,0
2023-08-16,9396.25,9446.75,9370.5,9438.4,0
2023-08-17,9442.6,9449.2,9400.0,9411.55,0
2023-08-18,9393.7,9411.55,9366.75,9386.5,0
2023-08-21,9400.1,9451.2,9392.45,9440.15,0
2023-08-22,9460.45,9483.65,9454.4,9472.5,0
2023-08-23,9498.8,9517.3,9479.25,9499.85,0
2023-08-24,9550.4,9569.85,9482.45,9489.95,0
2023-08-25,9458.0,9478.5,9408.25,9430.05,0
2023-08-28,9456.5,9485.55,9432.45,9462.15,0
2023-08-29,9495.9,9499.55,9476.55,9493.35,0
2023-08-30,9540.15,9555.35,9513.15,9518.7,0
2023-08-31,9537.8,9544.5,9484.8,9496.65,0
2023-09-01,9506.45,9587.25,9501.8,9580.05,0
2023-09-04,9627.75,9647.2,9580.05,9641.45,0
2023-09-05,9668.8,9690.1,9641.45,9681.65,0
2023-09-06,9695.1,9706.9,9651.25,9698.65,0
2023-09-07,9704.1,9761.05,9691.55,9755.55,0
2023-09-08,9785.65,9830.3,9755.55,9812.15,0
2023-09-11,9858.2,9908.7,9848.95,9904.65,0
2023-09-12,9961.35,9961.4,9762.05,9783.25,0
2023-09-13,9782.35,9830.85,9726.15,9823.3,0
2023-09-14,9862.0,9894.65,9836.7,9868.6,0
2023-09-15,9902.8,9918.85,9878.4,9904.3,0
2023-09-18,9905.9,9908.4,9867.85,9874.45,0
2023-09-20,9819.15,9852.75,9766.65,9783.9,0
2023-09-21,9762.05,9771.4,9684.8,9701.8,0
2023-09-22,9708.5,9735.35,9657.8,9679.3,0
2023-09-25,9688.6,9707.15,9645.85,9687.0,0
2023-09-26,9694.5,9711.1,9675.3,9690.3,0
2023-09-27,9687.45,9733.5,9658.65,9727.75,0
2023-09-28,9752.25,9755.25,9621.05,9633.95,0
2023-09-29,9666.8,9737.9,9653.75,9702.5,0
2023-10-03,9704.15,9704.7,9653.1,9682.6,0
2023-10-04,9650.4,9653.2,9556.9,9608.1,0
2023-10-05,9653.3,9672.0,9626.5,9650.55,0
2023-10-06,9688.9,9715.05,9674.35,9706.0,0
2023-10-09,9635.0,9654.55,9591.3,9608.8,0
2023-10-10,9641.6,9716.75,9641.6,9708.4,0
2023-10-11,9752.65,9790.3,9750.0,9768.2,0
2023-10-12,9786.45,9798.05,9767.5,9777.75,0
2023-10-13,9724.55,9788.25,9715.45,9762.2,0
2023-10-16,9763.25,9787.0,9742.75,9765.65,0
2023-10-17,9820.7,9824.7,9792.45,9809.65,0
2023-10-18,9820.35,9825.1,9734.05,9742.25,0
2023-10-19,9691.1,9743.5,9663.65,9724.45,0
2023-10-20,9696.55,9717.75,9657.05,9666.9,0
2023-10-23,9665.45,9675.7,9459.85,9476.35,0
2023-10-25,9491.3,9522.65,9353.75,9403.85,0
2023-10-26,9357.75,9363.4,9236.15,9292.9,0
2023-10-27,9339.45,9429.85,9338.65,9414.3,0
2023-10-30,9425.85,9454.75,9356.9,9448.2,0
2023-10-31,9495.3,9495.45,9426.9,9435.35,0
2023-11-01,9440.25,9454.9,9390.3,9398.15,0
2023-11-02,9464.45,9494.1,9448.75,9486.35,0
2023-11-03,9542.5,9563.7,9537.8,9549.3,0
2023-11-06,9608.6,9644.8,9596.8,9639.25,0
2023-11-07,9646.2,9663.6,9619.35,9656.55,0
2023-11-08,9688.0,9702.05,9672.35,9696.45,0
2023-11-09,9711.15,9713.15,9669.1,9673.9,0
2023-11-10,9658.4,9706.0,9641.05,9696.1,0
2023-11-12,9767.3,9769.55,9749.4,9757.1,0
2023-11-13,9742.95,9745.15,9712.3,9735.55,0
2023-11-15,9834.1,9848.65,9809.55,9842.75,0
2023-11-16,9849.5,9931.65,9832.5,9889.75,0
2023-11-17,9860.0,9922.4,9855.25,9895.4,0
2023-11-20,9906.8,9917.9,9872.9,9883.05,0
2023-11-21,9923.4,9933.8,9907.0,9912.95,0
2023-11-22,9919.4,9928.0,9858.45,9911.45,0
2023-11-23,9926.95,9949.65,9912.25,9918.65,0
2023-11-24,9931.75,9945.25,9914.85,9921.45,0
2023-11-28,9954.5,9985.3,9934.35,9975.4,0
2023-11-29,10026.0,10067.8,10022.0,10063.8,0
2023-11-30,10077.2,10123.8,10030.2,10113.4,0
2023-12-01,10155.5,10198.0,10151.0,10182.5,0
2023-12-04,10355.1,10373.8,10294.7,10367.4,0
2023-12-05,10419.6,10446.6,10367.0,10443.0,0
2023-12-06,10493.3,10505.1,10445.2,10492.8,0
2023-12-07,10502.7,10516.3,10458.6,10505.5,0
2023-12-08,10532.9,10552.8,10439.9,10504.5,0
2023-12-11,10519.0,10549.8,10510.2,10544.5,0
2023-12-12,10568.0,10573.6,10469.0,10498.0,0
2023-12-13,10519.5,10549.0,10453.7,10538.2,0
2023-12-14,10625.3,10672.2,10618.8,10659.9,0
2023-12-15,10715.2,10764.5,10687.1,10753.6,0
2023-12-18,10757.2,10786.3,10714.3,10761.2,0
2023-12-19,10793.5,10794.2,10712.2,10770.0,0
2023-12-20,10823.5,10845.3,10513.8,10542.8,0
2023-12-21,10468.3,10652.0,10431.0,10638.5,0
2023-12-22,10678.5,10723.2,10634.5,10702.8,0
2023-12-26,10726.6,10769.7,10707.2,10756.7,0
2023-12-27,10796.8,10846.0,10777.8,10837.2,0
2023-12-28,10872.2,10899.8,10845.2,10891.3,0
2023-12-29,10889.8,10922.1,10858.0,10910.4,0
2024-01-01,10924.8,10977.7,10908.5,10937.0,0
2024-01-02,10953.0,10954.8,10825.0,10910.4,0
2024-01-03,10920.1,10924.5,10870.8,10885.2,0
2024-01-04,10933.0,10995.3,10923.3,10984.7,0
2024-01-05,11020.1,11040.7,10955.6,11013.0,0
2024-01-08,11039.9,11043.2,10908.6,10918.2,0
2024-01-09,10992.8,11018.0,10930.7,10941.8,0
2024-01-10,10944.8,10983.1,10882.7,10975.3,0
2024-01-11,11016.8,11037.8,10985.5,11015.2,0
2024-01-12,11075.2,11120.8,11044.2,11103.2,0
2024-01-15,11176.5,11185.8,11110.8,11179.5,0
2024-01-16,11185.6,11201.7,11092.2,11146.4,0
2024-01-17,10996.0,11081.7,10947.5,10958.0,0
2024-01-18,10904.3,10949.9,10761.4,10920.0,0
2024-01-19,10999.1,11034.5,10989.3,11027.7,0
2024-01-20,11079.5,11091.2,11018.3,11028.5,0
2024-01-23,11108.0,11113.5,10774.7,10802.0,0
2024-01-24,10795.5,10952.5,10730.5,10941.6,0
2024-01-25,10959.3,10959.8,10858.7,10915.3,0
2024-01-29,10963.5,11102.0,10960.7,11092.7,0
2024-01-30,11127.5,11144.1,11010.8,11019.2,0
2024-01-31,11021.0,11156.1,11006.2,11150.1,0
2024-02-01,11189.2,11189.9,11092.3,11135.0,0
2024-02-02,11195.9,11315.2,11187.9,11208.8,0
2024-02-05,11253.8,11284.7,11148.8,11176.2,0
2024-02-06,11216.4,11285.5,11161.0,11279.7,0
2024-02-07,11350.3,11358.2,11269.0,11323.0,0
2024-02-08,11379.7,11380.4,11235.2,11256.2,0
2024-02-09,11272.7,11285.4,11110.8,11235.3,0
2024-02-12,11257.6,11265.4,11040.3,11063.9,0
2024-02-13,11083.0,11130.4,10962.6,11123.2,0
2024-02-14,11029.2,11217.7,11007.5,11205.5,0
2024-02-15,11257.0,11288.5,11226.6,11272.4,0
2024-02-16,11329.3,11360.1,11308.0,11344.6,0
2024-02-19,11390.35,11424.05,11353.4,11390.6,0
2024-02-20,11393.15,11414.85,11362.75,11407.15,0
2024-02-21,11439.9,11446.85,11295.8,11323.6,0
2024-02-22,11353.3,11423.2,11253.0,11409.75,0
2024-02-23,11452.6,11457.15,11409.55,11428.3,0
2024-02-26,11422.4,11443.2,11372.55,11397.2,0
2024-02-27,11394.25,11437.4,11384.15,11414.8,0
2024-02-28,11432.7,11439.2,11239.45,11257.5,0
2024-02-29,11250.95,11339.95,11189.0,11300.3,0
2024-03-01,11347.8,11449.25,11347.3,11443.4,0
2024-03-02,11483.25,11499.6,11472.8,11485.75,0
2024-03-04,11506.8,11521.1,11461.9,11487.7,0
2024-03-05,11482.4,11492.1,11427.75,11457.85,0
2024-03-06,11449.75,11455.35,11311.55,11445.95,0
2024-03-07,11465.65,11498.6,11450.85,11477.4,0
2024-03-11,11503.35,11505.8,11374.65,11388.35,0
2024-03-12,11394.85,11405.2,11292.8,11314.65,0
2024-03-13,11349.9,11356.15,10953.7,11006.3,0
2024-03-14,10976.5,11177.25,10929.75,11167.3,0
2024-03-15,11141.55,11186.4,11029.4,11121.4,0
2024-03-18,11112.05,11160.5,11057.3,11132.0,0
2024-03-19,11101.5,11108.55,10992.25,11001.0,0
2024-03-20,11025.15,11051.2,10917.6,11011.95,0
2024-03-21,11102.05,11175.05,11102.05,11164.45,0
2024-03-22,11142.7,11252.5,11116.8,11222.4,0
2024-03-26,11169.35,11248.55,11169.2,11225.2,0
2024-03-27,11258.65,11322.0,11258.65,11272.4,0
2024-03-28,11308.75,11433.4,11307.1,11363.9,0
2024-04-01,11442.45,11512.05,11439.65,11505.3,0
2024-04-02,11524.4,11559.05,11501.05,11553.7,0
2024-04-03,11531.85,11607.5,11514.85,11579.3,0
2024-04-04,11663.8,11673.15,11541.65,11613.35,0
2024-04-05,11608.7,11650.7,11582.9,11642.5,0
2024-04-08,11695.6,11724.5,11672.9,11697.45,0
2024-04-09,11749.95,11750.9,11652.9,11681.75,0
2024-04-10,11723.4,11759.65,11698.35,11749.5,0
2024-04-12,11725.75,11759.35,11647.95,11653.85,0
2024-04-15,11507.75,11583.85,11431.15,11502.3,0
2024-04-16,11435.85,11516.25,11416.9,11476.2,0
2024-04-18,11528.75,11586.85,11404.25,11422.95,0
2024-04-19,11339.0,11480.25,11259.45,11455.35,0
2024-04-22,11558.45,11582.25,11505.15,11566.1,0
2024-04-23,11629.95,11632.35,11594.1,11612.05,0
2024-04-24,11653.2,11680.75,11646.8,11657.1,0
2024-04-25,11636.65,11748.1,11633.65,11733.7,0
2024-04-26,11767.3,11775.2,11703.75,11717.3,0
2024-04-29,11759.35,11808.15,11723.85,11802.55,0
2024-04-30,11837.2,11889.05,11791.75,11805.65,0
2024-05-02,11815.3,11877.5,11814.7,11853.65,0
2024-05-03,11915.15,11923.05,11711.0,11783.7,0
2024-05-06,11832.45,11835.15,11692.25,11726.8,0
2024-05-07,11752.75,11754.8,11546.35,11596.5,0
2024-05-08,11569.7,11673.7,11528.75,11636.9,0
2024-05-09,11625.35,11655.95,11416.45,11431.0,0
2024-05-10,11461.3,11509.95,11401.85,11502.6,0
2024-05-13,11504.45,11540.95,11339.05,11524.25,0
2024-05-14,11544.25,11640.25,11525.5,11626.25,0
2024-05-15,11661.55,11700.5,11627.7,11662.35,0
2024-05-16,11721.95,11778.05,11623.4,11766.4,0
2024-05-17,11788.55,11852.35,11770.6,11844.55,0
2024-05-18,11882.8,11897.85,11875.45,11890.75,0
2024-05-21,11875.9,11934.45,11846.6,11913.5,0
2024-05-22,11952.4,11954.45,11863.8,11941.35,0
2024-05-23,11965.9,12086.3,11946.8,12077.6,0
2024-05-24,12074.4,12120.2,12052.8,12072.7,0
2024-05-27,12123.3,12141.35,12044.0,12074.15,0
2024-05-28,12102.15,12111.0,11987.8,12012.6,0
2024-05-29,11957.5,11997.5,11935.3,11942.5,0
2024-05-30,11912.4,11946.15,11788.25,11817.8,0
2024-05-31,11869.3,11896.15,11796.95,11857.15,0
2024-06-03,12320.3,12320.3,12150.5,12241.55,0
2024-06-04,12217.1,12217.1,11017.7,11411.95,0
2024-06-05,11547.45,11841.6,11291.35,11820.55,0
2024-06-06,11933.45,12056.1,11902.0,12001.5,0
2024-06-07,12017.45,12236.9,11984.9,12227.65,0
2024-06-10,12274.8,12324.55,12228.8,12257.35,0
2024-06-11,12286.05,12347.55,12244.7,12287.9,0
2024-06-12,12335.4,12387.3,12319.7,12352.6,0
2024-06-13,12442.3,12442.35,12369.25,12417.0,0
2024-06-14,12459.05,12505.05,12405.65,12496.6,0
2024-06-18,12558.9,12568.1,12520.3,12563.25,0
2024-06-19,12607.6,12607.6,12448.6,12504.75,0
2024-06-20,12543.9,12570.65,12481.9,12554.55,0
2024-06-21,12604.55,12606.0,12488.95,12517.0,0
2024-06-24,12470.15,12558.95,12425.95,12546.95,0
2024-06-25,12582.35,12606.2,12547.25,12591.25,0
2024-06-26,12597.95,12645.8,12559.45,12629.6,0
2024-06-27,12643.6,12697.85,12600.45,12679.35,0
2024-06-28,12711.85,12757.15,12681.8,12694.1,0
2024-07-01,12708.1,12802.8,12703.35,12795.85,0
2024-07-02,12841.55,12843.95,12720.0,12769.65,0
2024-07-03,12850.15,12878.45,12819.1,12867.35,0
2024-07-04,12916.25,12930.05,12875.95,12902.75,0
2024-07-05,12884.4,12959.6,12861.3,12946.65,0
2024-07-08,12971.3,12976.95,12894.2,12936.0,0
2024-07-09,12973.4,12998.6,12936.7,12989.4,0
2024-07-10,13022.25,13022.9,12767.85,12936.4,0
2024-07-11,12983.4,12985.15,12899.95,12956.1,0
2024-07-12,13002.65,13057.85,12964.8,13003.1,0
2024-07-15,13056.25,13079.35,12991.05,13065.3,0
2024-07-16,13093.5,13112.25,13050.1,13063.4,0
2024-07-18,13044.3,13075.95,12942.55,13061.65,0
2024-07-19,13073.3,13073.3,12846.3,12857.7,0
2024-07-22,12804.95,12944.0,12749.75,12910.1,0
2024-07-23,12955.8,12961.15,12548.2,12869.0,0
2024-07-24,12866.15,12933.8,12844.25,12911.9,0
2024-07-25,12817.8,12922.55,12806.0,12910.55,0
2024-07-26,12942.25,13127.1,12939.9,13119.05,0
2024-07-29,13194.8,13234.8,13139.8,13178.15,0
2024-07-30,13194.45,13255.8,13172.2,13206.65,0
2024-07-31,13238.55,13270.35,13216.95,13256.05,0
2024-08-01,13300.75,13316.6,13195.95,13239.2,0
2024-08-02,13119.75,13177.6,13080.05,13104.35,0
2024-08-05,12827.0,12881.75,12613.0,12693.6,0
2024-08-06,12782.35,12903.9,12614.3,12635.6,0
2024-08-07,12822.35,12880.65,12752.45,12868.65,0
2024-08-08,12866.25,12903.75,12774.2,12790.85,0
2024-08-09,12927.35,12946.25,12881.85,12914.1,0
2024-08-12,12880.55,12955.75,12819.7,12912.3,0
2024-08-13,12934.45,12939.8,12777.25,12789.75,0
2024-08-14,12824.35,12831.95,12725.6,12769.5,0
2024-08-16,12868.15,12995.7,12816.25,12987.45,0
2024-08-19,13055.45,13069.8,13019.2,13039.55,0
2024-08-20,13088.25,13125.35,13061.0,13118.45,0
2024-08-21,13121.85,13179.75,13106.85,13171.7,0
2024-08-22,13228.25,13232.45,13196.1,13213.3,0
2024-08-23,13239.6,13245.95,13192.2,13201.6,0
2024-08-26,13256.05,13289.8,13229.15,13278.0,0
2024-08-27,13295.4,13319.4,13276.85,13303.3,0
2024-08-28,13328.1,13344.4,13272.3,13307.9,0
2024-08-29,13309.8,13334.2,13234.8,13310.9,0
2024-08-30,13366.0,13387.95,13333.75,13372.3,0
2024-09-02,13429.5,13429.5,13345.3,13382.5,0
2024-09-03,13414.15,13414.5,13390.8,13400.05,0
2024-09-04,13300.65,13386.7,13295.95,13379.9,0
2024-09-05,13421.75,13431.85,13382.85,13390.5,0
2024-09-06,13383.55,13411.1,13206.3,13230.0,0
2024-09-09,13216.55,13253.85,13121.55,13239.8,0
2024-09-10,13291.65,13361.45,13260.85,13325.0,0
2024-09-11,13338.7,13367.15,13240.55,13258.7,0
2024-09-12,13342.1,13481.25,13294.5,13466.4,0
2024-09-13,13500.75,13503.2,13457.8,13483.7,0
2024-09-16,13529.45,13539.8,13478.8,13507.55,0
2024-09-17,13531.2,13531.2,13475.05,13510.3,0
2024-09-18,13513.4,13528.9,13414.25,13469.25,0
2024-09-19,13534.0,13568.6,13350.05,13438.55,0
2024-09-20,13497.35,13658.8,13458.55,13631.0,0
2024-09-23,13688.55,13744.15,13669.75,13735.8,0
2024-09-24,13743.5,13764.2,13721.75,13742.25,0
2024-09-25,13737.3,13746.65,13674.8,13731.35,0
2024-09-26,13747.75,13806.1,13711.25,13797.55,0
2024-09-27,13818.0,13842.6,13783.4,13794.75,0
2024-09-30,13751.8,13777.45,13645.25,13661.3,0
2024-10-01,13664.35,13709.2,13632.55,13678.35,0
2024-10-03,13487.85,13595.55,13365.35,13389.25,0
2024-10-04,13361.95,13481.05,13231.2,13264.8,0
2024-10-07,13311.0,13335.1,13002.95,13054.3,0
2024-10-08,13049.25,13265.45,13010.05,13247.3,0
2024-10-09,13297.8,13411.25,13284.85,13300.8,0
2024-10-10,13355.6,13390.25,13292.95,13302.55,0
2024-10-11,13308.8,13336.05,13273.45,13313.4,0
2024-10-14,13348.25,13383.8,13333.85,13376.9,0
2024-10-15,13418.6,13426.8,13343.25,13386.35,0
2024-10-16,13369.05,13405.85,13305.6,13356.2,0
2024-10-17,13381.45,13383.1,13181.85,13188.1,0
2024-10-18,13136.3,13238.25,13037.9,13221.3,0
2024-10-21,13270.4,13287.1,13093.7,13115.3,0
2024-10-22,13122.6,13135.65,12837.65,12851.45,0
2024-10-23,12817.05,12954.9,12768.8,12871.2,0
2024-10-24,12872.9,12901.4,12816.7,12837.1,0
2024-10-25,12855.35,12866.4,12590.95,12669.2,0
2024-10-28,12697.1,12814.95,12614.5,12757.45,0
2024-10-29,12769.85,12845.3,12645.35,12838.15,0
2024-10-30,12806.0,12904.55,12780.75,12822.7,0
2024-10-31,12828.6,12839.95,12758.75,12800.1,0
2024-11-01,12868.45,12910.8,12864.5,12878.65,0
2024-11-04,12883.85,12884.5,12615.95,12703.9,0
2024-11-05,12669.65,12804.6,12608.9,12794.55,0
2024-11-06,12853.0,13005.75,12819.8,12995.0,0
2024-11-07,13015.7,13019.1,12863.75,12870.45,0
2024-11-08,12879.7,12897.1,12749.9,12775.3,0
2024-11-11,12744.35,12840.75,12679.7,12739.1,0
2024-11-12,12780.2,12813.55,12567.6,12591.7,0
2024-11-13,12553.15,12578.65,12325.5,12351.25,0
2024-11-14,12357.5,12459.0,12350.6,12381.9,0
2024-11-18,12427.85,12430.45,12278.55,12344.3,0
2024-11-19,12389.0,12535.15,12374.35,12406.05,0
2024-11-21,12375.0,12378.6,12228.55,12302.6,0
2024-11-22,12327.45,12545.05,12302.5,12526.1,0
2024-11-25,12726.5,12780.4,12687.75,12712.25,0
2024-11-26,12765.95,12781.8,12695.7,12721.0,0
2024-11-27,12739.9,12819.6,12702.45,12799.2,0
2024-11-28,12817.65,12876.35,12682.3,12706.15,0
2024-11-29,12720.4,12828.45,12715.15,12803.95,0
2024-12-02,12809.0,12893.2,12756.7,12888.8,0
2024-12-03,12937.5,12999.95,12912.6,12995.25,0
2024-12-04,13026.9,13069.2,12973.0,13041.2,0
2024-12-05,13088.7,13182.25,12983.65,13138.9,0
2024-12-06,13161.35,13186.2,13108.35,13160.65,0
2024-12-09,13150.15,13185.25,13123.5,13152.15,0
2024-12-10,13174.3,13180.65,13111.75,13167.95,0
2024-12-11,13175.95,13213.0,13160.85,13193.6,0
2024-12-12,13189.2,13208.35,13124.8,13132.3,0
2024-12-13,13104.95,13197.3,12918.85,13186.25,0
2024-12-16,13194.25,13223.6,13146.3,13186.65,0
2024-12-17,13163.95,13186.25,13029.9,13045.35,0
2024-12-18,13034.75,13061.1,12919.95,12952.75,0
2024-12-19,12760.6,12869.6,12757.85,12853.05,0
2024-12-20,12871.9,12911.45,12584.8,12606.65,0
2024-12-23,12679.05,12721.45,12605.5,12652.7,0
2024-12-24,12664.3,12712.05,12612.3,12650.55,0
2024-12-26,12674.7,12701.2,12603.95,12662.0,0
2024-12-27,12687.1,12730.8,12666.8,12671.8,0
2024-12-30,12668.4,12712.55,12569.45,12619.1,0
2024-12-31,12572.6,12653.75,12508.65,12633.4,0
2025-01-01,12634.45,12716.35,12601.95,12697.15,0
2025-01-02,12720.55,12891.05,12699.55,12883.9,0
2025-01-03,12901.6,12913.5,12809.0,12823.85,0
2025-01-06,12849.9,12852.45,12508.35,12543.1,0
2025-01-07,12573.6,12665.4,12559.0,12617.0,0
2025-01-08,12638.1,12641.7,12460.3,12552.9,0
2025-01-09,12552.45,12557.05,12435.85,12446.15,0
2025-01-10,12446.9,12461.2,12264.1,12299.8,0
2025-01-13,12162.85,12202.7,11948.85,11977.75,0
2025-01-14,12025.8,12139.65,12024.15,12114.3,0
2025-01-15,12166.4,12202.5,12093.2,12152.9,0
2025-01-16,12256.7,12283.2,12233.2,12249.3,0
2025-01-17,12241.2,12258.5,12164.7,12230.75,0
2025-01-20,12281.0,12326.15,12202.05,12304.6,0
2025-01-21,12331.1,12337.0,12079.5,12091.55,0
2025-01-22,12120.35,12128.5,11939.9,12064.65,0
2025-01-23,12053.5,12177.45,12031.9,12143.2,0
2025-01-24,12140.9,12185.0,11992.35,12014.35,0
2025-01-27,11922.2,11924.85,11748.05,11777.6,0
2025-01-28,11831.1,11876.0,11675.6,11776.8,0
2025-01-29,11802.3,11973.85,11800.6,11965.65,0
2025-01-30,11987.1,12057.35,11945.3,11994.0,0
2025-01-31,12017.9,12173.8,12001.15,12156.55,0
2025-02-01,12184.4,12232.65,12049.25,12158.15,0
2025-02-03,12068.45,12084.15,11989.1,12053.5,0
2025-02-04,12137.55,12245.3,12095.5,12236.55,0
2025-02-05,12276.8,12319.45,12262.45,12274.15,0
2025-02-06,12316.95,12323.0,12184.55,12215.0,0
2025-02-07,12233.1,12264.7,12127.0,12196.25,0
2025-02-10,12191.65,12204.9,11995.85,12035.9,0
2025-02-11,12032.05,12037.65,11740.65,11791.45,0
2025-02-12,11776.05,11820.8,11556.75,11768.8,0
2025-02-13,11779.6,11888.4,11744.45,11764.55,0
2025-02-14,11797.95,11808.55,11513.1,11602.85,0
2025-02-17,11533.1,11618.1,11432.7,11609.6,0
2025-02-18,11616.45,11632.5,11499.0,11579.25,0
2025-02-19,11523.1,11693.5,11493.1,11653.85,0
2025-02-20,11606.45,11718.7,11597.3,11712.75,0
2025-02-21,11692.0,11757.85,11592.55,11634.25,0
2025-02-24,11533.1,11556.1,11484.2,11508.8,0
2025-02-25,11496.3,11554.5,11461.8,11478.75,0
2025-02-27,11489.2,11508.95,11392.55,11413.55,0
2025-02-28,11339.05,11345.7,11128.05,11169.9,0
2025-03-03,11201.1,11235.5,11035.75,11175.4,0
2025-03-04,11084.0,11215.4,11051.75,11192.85,0
2025-03-05,11184.45,11391.45,11184.45,11387.8,0
2025-03-06,11475.45,11510.7,11395.5,11499.2,0
2025-03-07,11489.35,11561.8,11460.9,11501.0,0
2025-03-10,11496.85,11554.75,11374.35,11394.7,0
2025-03-11,11312.1,11429.05,11283.55,11411.3,0
2025-03-12,11439.45,11464.9,11302.2,11387.8,0
2025-03-13,11429.05,11440.0,11325.95,11336.25,0
2025-03-17,11332.4,11438.7,11332.35,11395.15,0
2025-03-18,11468.2,11618.1,11441.75,11607.05,0
2025-03-19,11639.6,11745.7,11615.05,11728.35,0
2025-03-20,11799.6,11856.3,11733.5,11843.5,0
2025-03-21,11842.35,11975.0,11823.35,11962.8,0
2025-03-24,12049.9,12143.6,12004.05,12111.35,0
2025-03-25,12176.9,12182.1,12017.35,12046.4,0
2025-03-26,12061.9,12095.4,11940.4,11951.3,0
2025-03-27,11919.15,12049.35,11905.15,12026.15,0
2025-03-28,12044.6,12084.55,11951.3,11984.9,0
2025-04-01,11923.55,12021.55,11826.4,11842.75,0
2025-04-02,11860.9,11958.8,11801.9,11951.25,0
2025-04-03,11857.95,11953.95,11855.95,11943.75,0
2025-04-04,11919.6,11926.5,11650.7,11690.45,0
2025-04-07,10957.1,11340.85,10954.7,11293.2,0
2025-04-08,11478.4,11564.6,11362.6,11506.15,0
2025-04-09,11473.8,11473.95,11374.1,11433.55,0
2025-04-11,11622.6,11696.0,11589.7,11662.2,0
2025-04-15,11911.1,11973.85,11839.15,11961.1,0
2025-04-16,11975.45,12038.3,11944.1,12032.35,0
2025-04-17,12019.55,12198.55,11972.05,12185.7,0
2025-04-21,12245.05,12382.6,12213.3,12367.9,0
2025-04-22,12406.0,12455.65,12336.75,12414.8,0
2025-04-23,12501.15,12515.25,12356.75,12497.4,0
2025-04-24,12487.2,12517.05,12455.0,12468.55,0
2025-04-25,12491.1,12518.5,12169.55,12276.2,0
2025-04-28,12272.2,12427.9,12271.1,12413.45,0
2025-04-29,12446.6,12502.2,12403.75,12418.55,0
2025-04-30,12421.9,12451.5,12303.65,12364.25,0
2025-05-02,12353.25,12479.35,12303.95,12350.8,0
2025-05-05,12395.95,12467.8,12385.95,12459.6,0
2025-05-06,12482.4,12488.45,12296.85,12318.8,0
2025-05-07,12204.4,12393.7,12202.25,12387.05,0
2025-05-08,12409.0,12431.1,12196.65,12259.15,0
2025-05-09,12042.35,12188.8,12042.35,12168.05,0
2025-05-12,12439.1,12647.85,12426.95,12640.6,0
2025-05-13,12631.35,12679.1,12541.4,12560.3,0
2025-05-14,12591.65,12672.3,12571.3,12649.1,0
2025-05-15,12676.75,12823.75,12601.45,12810.4,0
2025-05-16,12832.65,12866.45,12789.1,12858.5,0
2025-05-19,12874.8,12917.4,12835.25,12861.45,0
2025-05-20,12905.7,12915.6,12693.55,12704.6,0
2025-05-21,12730.55,12831.15,12699.15,12786.9,0
2025-05-22,12756.0,12757.75,12639.45,12712.9,0
2025-05-23,12733.45,12834.6,12703.65,12816.8,0
2025-05-26,12858.0,12923.35,12854.15,12888.4,0
2025-05-27,12882.05,12919.6,12786.4,12838.35,0
2025-05-28,12854.55,12870.4,12812.25,12819.85,0
2025-05-29,12865.05,12887.5,12805.55,12865.95,0
2025-05-30,12871.2,12894.95,12808.45,12835.2,0
2025-06-02,12812.35,12869.3,12758.1,12853.3,0
2025-06-03,12894.15,12917.0,12774.6,12785.25,0
2025-06-04,12803.7,12849.1,12760.0,12839.95,0
2025-06-05,12880.35,12962.05,12854.4,12911.2,0
2025-06-06,12927.85,13044.8,12887.2,13035.6,0
2025-06-09,13116.0,13134.4,13086.55,13132.0,0
2025-06-10,13184.85,13185.75,13110.2,13140.85,0
2025-06-11,13162.3,13191.1,13101.65,13141.95,0
2025-06-12,13157.35,13162.35,12956.2,12976.6,0
2025-06-13,12742.35,12913.45,12742.35,12898.95,0
2025-06-16,12903.75,13009.25,12826.6,13002.7,0
2025-06-17,13021.15,13022.5,12924.8,12936.25,0
2025-06-18,12912.35,12985.35,12872.2,12904.35,0
2025-06-19,12902.65,12932.75,12778.9,12807.85,0
2025-06-20,12805.95,12972.4,12805.9,12959.5,0
2025-06-23,12869.6,12972.6,12847.95,12939.35,0
2025-06-24,13058.8,13110.25,12980.45,13002.2,0
2025-06-25,13060.25,13114.55,13047.05,13110.95,0
2025-06-26,13137.4,13237.15,13122.15,13230.55,0
2025-06-27,13259.95,13302.4,13243.85,13288.65,0
2025-06-30,13318.9,13322.15,13259.8,13291.45,0
2025-07-01,13317.05,13322.7,13259.25,13290.8,0
2025-07-02,13313.5,13322.65,13206.2,13253.1,0
2025-07-03,13278.15,13308.0,13229.1,13239.6,0
2025-07-04,13257.55,13268.8,13200.5,13263.7,0
2025-07-07,13263.85,13283.45,13231.5,13255.2,0
2025-07-08,13250.8,13285.05,13207.15,13266.15,0
2025-07-09,13269.15,13291.75,13236.6,13260.45,0
2025-07-10,13282.6,13288.0,13199.25,13215.75,0
2025-07-11,13181.55,13212.25,13096.0,13111.0,0
2025-07-14,13115.45,13137.7,13062.5,13126.0,0
2025-07-15,13141.7,13219.15,13140.7,13208.15,0
2025-07-16,13214.8,13239.8,13184.2,13223.05,0
2025-07-17,13243.9,13248.1,13190.15,13196.15,0
2025-07-18,13202.85,13213.5,13093.95,13115.0,0
2025-07-21,13127.3,13178.75,13063.15,13169.95,0
2025-07-22,13210.3,13213.9,13130.5,13138.7,0
2025-07-23,13173.15,13199.4,13121.7,13195.65,0
2025-07-24,13207.6,13208.8,13101.75,13125.25,0
2025-07-25,13100.1,13100.1,12949.6,12960.6,0
2025-07-28,12933.95,13005.85,12848.05,12863.55,0
2025-07-29,12833.95,12967.1,12825.85,12957.85,0
2025-07-30,12989.9,12996.05,12932.1,12973.6,0
2025-07-31,12842.2,12993.65,12841.2,12905.8,0
2025-08-01,12898.75,12907.65,12752.4,12767.2,0
2025-08-04,12782.35,12877.6,12752.25,12871.0,0
2025-08-05,12876.65,12883.6,12801.3,12835.7,0
2025-08-06,12840.9,12846.95,12732.25,12759.1,0
2025-08-07,12700.35,12790.4,12620.05,12772.3,0
2025-08-08,12766.45,12771.5,12618.35,12632.35,0
2025-08-11,12635.15,12745.75,12608.75,12736.3,0
2025-08-12,12738.35,12791.75,12693.8,12701.2,0
2025-08-13,12749.55,12793.9,12733.05,12774.6,0
2025-08-14,12784.15,12806.55,12742.95,12760.95,0
2025-08-18,12916.45,12963.65,12891.85,12904.45,0
2025-08-19,12921.0,12989.25,12892.5,12983.45,0
2025-08-20,12984.9,13040.15,12959.15,13024.45,0
2025-08-21,13068.8,13075.65,13016.9,13022.75,0
2025-08-22,13021.15,13027.15,12935.15,12940.85,0
2025-08-25,12984.85,13003.9,12957.5,12972.95,0
2025-08-26,12941.25,12950.8,12798.4,12811.15,0
2025-08-28,12807.6,12807.6,12678.3,12684.85,0
2025-08-29,12675.95,12733.4,12631.15,12641.45,0
2025-09-01,12658.6,12787.45,12658.6,12783.3,0
2025-09-02,12809.35,12867.65,12766.15,12793.3,0
2025-09-03,12815.75,12880.8,12785.65,12874.05,0
2025-09-04,13015.6,13015.6,12832.8,12846.45,0
2025-09-05,12886.5,12902.1,12790.55,12851.55,0
2025-09-08,12888.3,12933.9,12855.75,12880.5,0
2025-09-09,12920.25,12927.5,12888.4,12919.45,0
2025-09-10,12980.1,13017.2,12963.7,12989.3,0
2025-09-11,12989.95,13020.9,12985.6,13004.25,0
2025-09-12,13042.85,13064.15,13018.55,13051.25,0
2025-09-15,13064.75,13087.05,13046.45,13068.9,0
2025-09-16,13083.8,13164.3,13069.6,13154.7,0
2025-09-17,13183.85,13210.35,13171.1,13199.0,0
2025-09-18,13249.25,13251.75,13191.2,13237.7,0
2025-09-19,13244.65,13250.6,13202.45,13222.05,0
2025-09-22,13194.2,13242.55,13136.1,13161.35,0
2025-09-23,13176.75,13191.4,13089.85,13129.5,0
2025-09-24,13112.75,13125.65,13041.65,13048.05,0
2025-09-25,13043.55,13079.85,12951.15,12958.5,0
2025-09-26,12927.0,12942.1,12769.1,12780.55,0
2025-09-29,12820.45,12865.0,12757.3,12790.55,0
2025-09-30,12820.85,12840.75,12748.65,12785.95,0
2025-10-01,12793.2,12906.05,12782.7,12897.8,0
2025-10-03,12887.1,12963.85,12869.9,12958.1,0
2025-10-06,12974.2,13037.85,12946.7,13033.45,0
2025-10-07,13046.5,13090.3,13034.2,13053.7,0
2025-10-08,13048.55,13085.7,12986.7,12998.15,0
2025-10-09,13018.15,13076.4,12993.15,13070.85,0
2025-10-10,13074.95,13145.55,13058.45,13126.05,0
2025-10-13,13074.6,13112.2,13048.85,13100.25,0
2025-10-14,13130.9,13144.2,13000.4,13034.7,0
2025-10-15,13059.3,13155.25,13057.45,13144.2,0
2025-10-16,13181.6,13263.8,13173.3,13247.6,0
2025-10-17,13239.15,13308.6,13220.65,13263.7,0
2025-10-20,13320.55,13356.05,13294.65,13332.55,0
2025-10-21,13376.15,13392.85,13341.1,13361.0,0
2025-10-23,13440.0,13451.5,13340.9,13356.85,0
2025-10-24,13379.6,13382.65,13281.9,13317.6,0
2025-10-27,13349.4,13411.45,13338.85,13403.15,0
2025-10-28,13406.15,13440.9,13336.2,13389.0,0
2025-10-29,13410.9,13477.4,13393.75,13467.0,0
2025-10-30,13456.95,13465.05,13385.3,13405.85,0
2025-10-31,13410.3,13446.75,13326.15,13333.3,0
2025-11-03,13334.85,13409.05,13327.55,13393.0,0
2025-11-04,13394.25,13403.6,13307.65,13315.95,0
2025-11-06,13321.05,13335.85,13212.75,13219.55,0
2025-11-07,13179.5,13252.25,13092.95,13226.0,0
2025-11-10,13239.55,13298.35,13235.9,13264.95,0
2025-11-11,13285.75,13315.95,13197.05,13310.05,0
2025-11-12,13373.1,13418.0,13356.75,13398.1,0
2025-11-13,13415.75,13453.2,13375.75,13386.35,0
2025-11-14,13350.6,13408.95,13331.95,13396.9,0
2025-11-17,13427.4,13469.3,13413.25,13463.8,0
2025-11-18,13473.4,13474.75,13376.35,13389.45,0
2025-11-19,13394.05,13442.8,13356.35,13432.75,0
2025-11-20,13476.05,13500.3,13439.2,13468.55,0
2025-11-21,13436.6,13445.35,13352.7,13360.75,0
2025-11-24,13381.3,13385.65,13277.0,13295.1,0
2025-11-25,13309.05,13335.25,13275.05,13285.2,0
2025-11-26,13286.4,13459.45,13286.4,13454.05,0
2025-11-27,13486.6,13494.1,13410.2,13447.75,0
2025-11-28,13459.65,13465.55,13425.0,13439.4,0
2025-12-01,13496.25,13496.7,13405.15,13432.7,0
2025-12-02,13404.35,13433.0,13353.6,13375.6,0
2025-12-03,13371.45,13388.9,13273.45,13315.95,0
2025-12-04,13316.45,13373.25,13293.4,13326.65,0
2025-12-05,13315.35,13379.35,13284.45,13372.1,0
2025-12-08,13365.05,13370.0,13157.3,13193.55,0
2025-12-09,13148.65,13216.5,13041.45,13197.5,0
2025-12-10,13210.75,13261.65,13123.8,13136.35,0
2025-12-11,13143.55,13220.85,13097.55,13215.2,0
2025-12-12,13253.85,13317.65,13248.95,13311.35,0
2025-12-15,13271.55,13318.95,13237.15,13313.15,0
2025-12-16,13286.55,13292.3,13211.05,13226.3,0
2025-12-17,13241.1,13261.8,13156.5,13181.95,0
2025-12-18,13167.45,13211.95,13104.4,13177.95,0
2025-12-19,13217.5,13290.6,13210.1,13284.55,0
2025-12-22,13332.0,13400.4,13321.75,13393.9,0
2025-12-23,13415.9,13427.0,13369.9,13409.05,0
2025-12-24,13413.95,13443.05,13374.6,13382.15,0
2025-12-26,13378.1,13402.15,13327.3,13341.8,0
2025-12-29,13354.65,13368.15,13272.45,13284.9,0
2025-12-30,13281.2,13296.8,13238.8,13277.4,0
2025-12-31,13300.35,13421.2,13299.9,13393.85,0
2026-01-01,13417.75,13424.5,13373.05,13415.4,0
2026-01-02,13430.3,13527.35,13422.45,13522.3,0
2026-01-05,13536.9,13548.0,13467.5,13501.7,0
2026-01-06,13493.85,13517.55,13433.95,13472.45,0
2026-01-07,13464.2,13494.45,13434.1,13475.85,0
2026-01-08,13464.45,13472.75,13271.5,13284.55,0
2026-01-09,13265.4,13317.05,13129.0,13161.1,0
2026-01-12,13156.25,13193.6,13004.9,13180.35,0
2026-01-13,13232.75,13247.8,13085.6,13165.95,0
2026-01-14,13133.45,13208.9,13121.3,13163.05,0
2026-01-16,13178.3,13261.15,13150.75,13166.3,0
2026-01-19,13141.6,13141.65,13073.25,13099.7,0
2026-01-20,13095.25,13096.6,12823.8,12856.4,0
2026-01-21,12810.1,12874.2,12652.45,12792.45,0
2026-01-22,12893.2,12968.8,12825.3,12893.3,0
2026-01-23,12929.55,12930.15,12705.4,12720.0,0
2026-01-27,12746.35,12820.35,12635.3,12781.75,0
2026-01-28,12826.75,12944.1,12818.65,12932.85,0
2026-01-29,12947.9,12972.9,12841.4,12959.6,0
2026-01-30,12880.35,12953.2,12836.35,12937.95,0
2026-02-01,12931.65,12984.9,12525.05,12678.4,0
2026-02-02,12669.0,12820.0,12559.45,12801.05,0
2026-02-03,13382.5,13404.5,13094.05,13147.4,0
2026-02-04,13129.9,13216.35,13057.75,13201.55,0
2026-02-05,13187.55,13187.6,13087.35,13130.15,0
2026-02-06,13104.5,13145.9,13014.8,13138.4,0
2026-02-09,13232.2,13291.05,13196.65,13285.45,0
2026-02-10,13324.3,13352.0,13290.45,13328.3,0
2026-02-11,13358.75,13360.35,13300.05,13341.65,0
2026-02-12,13325.6,13325.6,13234.15,13268.15,0
2026-02-13,13154.65,13162.05,13062.35,13078.15,0
2026-02-16,13041.7,13169.25,13009.3,13160.7,0
2026-02-17,13146.0,13214.85,13117.45,13201.95,0
2026-02-18,13220.0,13267.25,13175.75,13260.5,0
2026-02-19,13286.15,13289.8,13030.65,13065.4,0
2026-02-20,13040.7,13157.9,13020.4,13117.4,0
2026-02-23,13173.4,13215.85,13116.75,13166.7,0
2026-02-24,13129.2,13129.2,12986.75,13063.2,0
2026-02-25,13110.45,13172.1,13073.55,13117.65,0
2026-02-26,13150.25,13175.4,13083.8,13143.05,0
2026-02-27,13129.7,13134.95,12968.85,12985.75,0
2026-03-02,12630.25,12886.9,12626.4,12796.6,0
2026-03-04,12574.4,12615.15,12483.95,12554.25,0
2026-03-05,12625.35,12748.85,12585.4,12714.5,0
2026-03-06,12673.0,12720.15,12583.65,12597.1,0
2026-03-09,12325.65,12373.75,12180.9,12355.6,0
2026-03-10,12499.3,12544.6,12405.45,12520.8,0
2026-03-11,12527.95,12580.35,12339.1,12357.8,0
2026-03-12,12272.65,12369.3,12166.4,12278.15,0
2026-03-13,12203.85,12213.6,11969.2,11991.65,0
2026-03-16,11972.0,12100.6,11830.65,12047.2,0
2026-03-17,12095.8,12177.2,12018.0,12143.6,0
2026-03-18,12173.15,12330.6,12168.45,12289.3,0
2026-03-19,12038.5,12090.3,11865.2,11903.05,0
2026-03-20,11973.8,12091.25,11943.5,11962.0,0
2026-03-23,11823.1,11828.75,11554.2,11583.2,0
2026-03-24,11799.0,11876.95,11628.55,11812.8,0
2026-03-25,11908.1,12120.75,11908.0,12045.25,0
2026-03-27,11977.45,11981.2,11777.0,11785.4,0
2026-03-30,11641.55,11711.9,11486.05,11507.05,0
2026-04-01,11811.45,11863.0,11708.05,11746.3,0
2026-04-02,11594.7,11779.7,11436.55,11750.95,0
2026-04-06,11780.2,11907.05,11665.1,11893.75,0
2026-04-07,11834.1,11960.3,11764.6,11950.55,0
2026-04-08,12346.75,12435.6,12318.4,12423.35,0
2026-04-09,12399.25,12456.15,12315.55,12369.25,0
2026-04-10,12433.8,12555.95,12424.0,12546.1,0
2026-04-13,12298.65,12493.2,12245.7,12455.3,0
2026-04-15,12640.35,12706.85,12636.4,12692.35,0
2026-04-16,12784.3,12804.05,12657.9,12730.9,0
2026-04-17,12735.2,12858.8,12704.75,12851.85,0
2026-04-20,12873.25,12917.65,12765.15,12847.1,0
2026-04-21,12866.1,12960.3,12863.25,12947.7,0
2026-04-22,12912.4,12960.8,12885.3,12926.7,0
2026-04-23,12862.2,12910.65,12814.9,12828.0,0
2026-04-24,12817.8,12864.1,12635.55,12690.8,0
2026-04-27,12735.45,12856.15,12732.75,12838.6,0
2026-04-28,12832.25,12885.1,12788.75,12807.6,0
2026-04-29,12869.8,12951.8,12842.45,12864.6,0
2026-04-30,12790.7,12802.8,12656.05,12761.5,0
2026-05-04,12820.1,12916.85,12779.2,12848.4,0
2026-05-05,12830.3,12855.75,12760.85,12835.9,0
2026-05-06,12932.5,13029.9,12859.9,13020.15,0
2026-05-07,13070.45,13120.3,13029.85,13071.5,0
2026-05-08,13046.3,13059.0,12998.5,13017.9,0
2026-05-11,12930.8,12933.35,12827.0,12837.55,0
2026-05-12,12800.1,12821.9,12537.0,12553.6,0
2026-05-13,12549.3,12686.1,12504.75,12598.95,0
2026-05-14,12671.6,12761.8,12572.95,12727.55,0
2026-05-15,12757.2,12782.5,12665.5,12681.4,0
2026-05-18,12597.2,12654.2,12461.0,12636.55,0
2026-05-19,12659.0,12741.45,12649.5,12671.6,0
2026-05-20,12591.8,12715.8,12554.8,12705.1,0
2026-05-21,12800.85,12820.85,12696.75,12724.05,0
2026-05-22,12746.15,12793.9,12724.9,12750.7,0
2026-05-25,12868.15,12920.3,12862.65,12909.1,0
2026-05-26,12908.95,12961.95,12874.2,12895.45,0
2026-05-27,12896.6,12951.75,12891.35,12933.15,0
2026-05-29,12959.45,12993.5,12729.3,12762.2,0
2026-06-01,12821.45,12848.6,12624.5,12638.05,0
2026-06-02,12563.45,12711.3,12533.2,12688.65,0
2026-06-03,12671.95,12682.25,12511.75,12652.45,0
2026-06-04,12603.7,12717.45,12584.9,12681.75,0
2026-06-05,12722.75,12747.35,12615.7,12664.25,0
2026-06-08,12509.35,12602.1,12465.65,12496.35,0
2026-06-09,12566.9,12622.95,12533.75,12612.15,0
2026-06-10,12617.15,12658.5,12512.15,12530.9,0
2026-06-11,12471.8,12540.9,12432.5,12460.55,0
2026-06-12,12608.95,12748.5,12567.6,12738.3,0
2026-06-15,12940.0,12977.55,12887.75,12905.05,0
2026-06-16,12945.35,12972.2,12911.15,12965.3,0
2026-06-17,12994.9,13038.55,12964.0,13032.0,0
2026-06-18,13044.9,13094.95,13022.55,13086.9,0
2026-06-19,13020.35,13075.3,12989.3,13057.75,0
2026-06-22,13113.2,13141.75,13099.7,13126.0,0
2026-06-23,13126.55,13150.15,12967.25,12986.55,0
2026-06-24,12976.7,13079.85,12943.95,13048.3,0
2026-06-25,13104.5,13136.15,13026.65,13038.0,0
2026-06-29,13037.5,13057.2,12942.3,12975.1,0
2026-06-30,13016.35,13029.75,12940.75,12978.5,0
2026-07-01,13004.0,13060.0,13001.35,13042.1,0
2026-07-02,13082.3,13136.3,13075.95,13129.65,0
2026-07-03,13213.45,13213.45,13137.95,13147.35,0
2026-07-06,13170.9,13227.5,13158.4,13220.2,0
2026-07-07,13242.45,13249.85,13161.3,13181.05,0
2026-07-08,13108.65,13147.75,12873.3,12920.85,0
2026-07-09,12949.65,13076.15,12948.65,13024.95,0
2026-07-10,13114.9,13182.65,13112.1,13177.0,0
2026-07-13,13091.45,13195.6,13057.15,13177.05,0
2026-07-14,13115.05,13141.2,13073.95,13091.65,0
2026-07-15,13121.25,13189.7,13096.05,13130.05,0
2026-07-16,13168.45,13174.55,13098.85,13110.5,0
2026-07-17,13131.9,13171.9,13102.1,13160.3,0
2026-07-20,13109.8,13178.55,13096.4,13164.75,0
2026-07-21,13166.4,13190.6,13137.05,13174.25,0
